-- AI旅游规划平台数据库表设计 + 完整中文数据
-- Database: travel_platform
-- Charset: utf8mb4

SET NAMES utf8mb4;
SET FOREIGN_KEY_CHECKS = 0;

CREATE DATABASE IF NOT EXISTS travel_platform DEFAULT CHARACTER SET utf8mb4 COLLATE utf8mb4_unicode_ci;
USE travel_platform;

DROP TABLE IF EXISTS route_day;
DROP TABLE IF EXISTS route;
DROP TABLE IF EXISTS favorite;
DROP TABLE IF EXISTS hotel;
DROP TABLE IF EXISTS attraction;
DROP TABLE IF EXISTS user;

CREATE TABLE `user` (
  `id` BIGINT NOT NULL AUTO_INCREMENT COMMENT '用户ID',
  `username` VARCHAR(50) NOT NULL COMMENT '用户名',
  `password` VARCHAR(255) NOT NULL COMMENT '密码',
  `nickname` VARCHAR(50) DEFAULT NULL COMMENT '昵称',
  `phone` VARCHAR(20) DEFAULT NULL COMMENT '手机号',
  `email` VARCHAR(100) DEFAULT NULL COMMENT '邮箱',
  `avatar` VARCHAR(255) DEFAULT NULL COMMENT '头像地址',
  `gender` TINYINT DEFAULT 0 COMMENT '性别：0未知 1男 2女',
  `status` TINYINT DEFAULT 1 COMMENT '状态：1正常 0禁用',
  `created_at` DATETIME NOT NULL DEFAULT CURRENT_TIMESTAMP COMMENT '创建时间',
  `updated_at` DATETIME NOT NULL DEFAULT CURRENT_TIMESTAMP ON UPDATE CURRENT_TIMESTAMP COMMENT '更新时间',
  PRIMARY KEY (`id`),
  UNIQUE KEY `uk_username` (`username`),
  UNIQUE KEY `uk_phone` (`phone`),
  UNIQUE KEY `uk_email` (`email`)
) ENGINE=InnoDB DEFAULT CHARSET=utf8mb4 COMMENT='用户表';

CREATE TABLE `attraction` (
  `id` BIGINT NOT NULL AUTO_INCREMENT COMMENT '景点ID',
  `name` VARCHAR(100) NOT NULL COMMENT '景点名称',
  `city` VARCHAR(50) NOT NULL COMMENT '所属城市',
  `address` VARCHAR(255) DEFAULT NULL COMMENT '详细地址',
  `ticket_price` DECIMAL(10,2) NOT NULL DEFAULT 0.00 COMMENT '门票价格',
  `rating` DECIMAL(3,1) NOT NULL DEFAULT 0.0 COMMENT '景点评分',
  `description` TEXT COMMENT '景点描述',
  `open_time` VARCHAR(100) DEFAULT NULL COMMENT '开放时间',
  `tags` VARCHAR(255) DEFAULT NULL COMMENT '标签，逗号分隔',
  `cover_image` VARCHAR(255) DEFAULT NULL COMMENT '封面图',
  `status` TINYINT NOT NULL DEFAULT 1 COMMENT '状态：1启用 0下架',
  `created_at` DATETIME NOT NULL DEFAULT CURRENT_TIMESTAMP COMMENT '创建时间',
  `updated_at` DATETIME NOT NULL DEFAULT CURRENT_TIMESTAMP ON UPDATE CURRENT_TIMESTAMP COMMENT '更新时间',
  PRIMARY KEY (`id`),
  KEY `idx_city` (`city`),
  KEY `idx_rating` (`rating`)
) ENGINE=InnoDB DEFAULT CHARSET=utf8mb4 COMMENT='景点表';

CREATE TABLE `hotel` (
  `id` BIGINT NOT NULL AUTO_INCREMENT COMMENT '酒店ID',
  `name` VARCHAR(100) NOT NULL COMMENT '酒店名称',
  `city` VARCHAR(50) NOT NULL COMMENT '所属城市',
  `address` VARCHAR(255) DEFAULT NULL COMMENT '酒店地址',
  `price_per_night` DECIMAL(10,2) NOT NULL DEFAULT 0.00 COMMENT '每晚价格',
  `rating` DECIMAL(3,1) NOT NULL DEFAULT 0.0 COMMENT '酒店评分',
  `star_level` TINYINT DEFAULT 3 COMMENT '星级',
  `description` TEXT COMMENT '酒店描述',
  `tags` VARCHAR(255) DEFAULT NULL COMMENT '标签，逗号分隔',
  `cover_image` VARCHAR(255) DEFAULT NULL COMMENT '封面图',
  `status` TINYINT NOT NULL DEFAULT 1 COMMENT '状态：1启用 0下架',
  `created_at` DATETIME NOT NULL DEFAULT CURRENT_TIMESTAMP COMMENT '创建时间',
  `updated_at` DATETIME NOT NULL DEFAULT CURRENT_TIMESTAMP ON UPDATE CURRENT_TIMESTAMP COMMENT '更新时间',
  PRIMARY KEY (`id`),
  KEY `idx_city` (`city`),
  KEY `idx_price` (`price_per_night`),
  KEY `idx_rating` (`rating`) 
) ENGINE=InnoDB DEFAULT CHARSET=utf8mb4 COMMENT='酒店表';

CREATE TABLE `favorite` (
  `id` BIGINT NOT NULL AUTO_INCREMENT COMMENT '收藏ID',
  `user_id` BIGINT NOT NULL COMMENT '用户ID',
  `target_id` BIGINT NOT NULL COMMENT '收藏对象ID',
  `target_type` VARCHAR(20) NOT NULL COMMENT '收藏类型：attraction/hotel/route',
  `target_name` VARCHAR(100) DEFAULT NULL COMMENT '收藏对象名称',
  `created_at` DATETIME NOT NULL DEFAULT CURRENT_TIMESTAMP COMMENT '收藏时间',
  PRIMARY KEY (`id`),
  KEY `idx_user_id` (`user_id`),
  KEY `idx_target_type` (`target_type`),
  KEY `idx_target_id` (`target_id`)
) ENGINE=InnoDB DEFAULT CHARSET=utf8mb4 COMMENT='收藏表';

CREATE TABLE `route` (
  `id` BIGINT NOT NULL AUTO_INCREMENT COMMENT '路线ID',
  `user_id` BIGINT NOT NULL COMMENT '用户ID',
  `name` VARCHAR(100) NOT NULL COMMENT '路线名称',
  `destination` VARCHAR(50) NOT NULL COMMENT '目的地',
  `days` INT NOT NULL COMMENT '出行天数',
  `budget` DECIMAL(10,2) NOT NULL DEFAULT 0.00 COMMENT '预算',
  `preference` VARCHAR(100) DEFAULT NULL COMMENT '旅游偏好',
  `ai_summary` TEXT COMMENT 'AI规划摘要',
  `status` TINYINT NOT NULL DEFAULT 1 COMMENT '状态：1正常 0删除',
  `created_at` DATETIME NOT NULL DEFAULT CURRENT_TIMESTAMP COMMENT '创建时间',
  `updated_at` DATETIME NOT NULL DEFAULT CURRENT_TIMESTAMP ON UPDATE CURRENT_TIMESTAMP COMMENT '更新时间',
  PRIMARY KEY (`id`),
  KEY `idx_user_id` (`user_id`),
  KEY `idx_destination` (`destination`),
  KEY `idx_created_at` (`created_at`)
) ENGINE=InnoDB DEFAULT CHARSET=utf8mb4 COMMENT='路线主表';

CREATE TABLE `route_day` (
  `id` BIGINT NOT NULL AUTO_INCREMENT COMMENT '日程ID',
  `route_id` BIGINT NOT NULL COMMENT '路线ID',
  `day_no` INT NOT NULL COMMENT '第几天',
  `title` VARCHAR(100) NOT NULL COMMENT '当日标题',
  `schedule_detail` TEXT NOT NULL COMMENT '当日行程详情',
  `attraction_ids` VARCHAR(255) DEFAULT NULL COMMENT '推荐景点ID列表',
  `hotel_id` BIGINT DEFAULT NULL COMMENT '推荐酒店ID',
  PRIMARY KEY (`id`),
  KEY `idx_route_id` (`route_id`),
  KEY `idx_day_no` (`day_no`)
) ENGINE=InnoDB DEFAULT CHARSET=utf8mb4 COMMENT='路线日程表';

INSERT INTO `user` (`id`, `username`, `password`, `nickname`, `phone`, `email`, `avatar`, `gender`, `status`, `created_at`, `updated_at`) VALUES
(1, 'travel_lily', '$2b$12$ZnfUP.rDvDysdedgQinD9uoTRSTkf1QsPsirGVX4JuJ2l9dzrset2', '莉莉旅行记', '13800001001', 'lily@qq.com', 'https://i.pravatar.cc/150?img=1', 2, 1, '2025-06-01 10:00:00', '2025-06-01 10:00:00'),
(2, 'jack_road', '$2b$12$xkyPEBLMkYNa/QoCOV5y1u/ZQfthnUyhFZ2akaQN6wxk37miYZWju', '行走的杰克', '13800001002', 'jack@qq.com', 'https://i.pravatar.cc/150?img=2', 1, 1, '2025-06-02 11:00:00', '2025-06-02 11:00:00'),
(3, 'sunny_ma', '$2b$12$rg4YIEy0ouYLS91Lmbs5vO/r3cWty4eryHFShZr8TfCvV0wiWNC..', '马小阳', '13800001003', 'sunny@qq.com', 'https://i.pravatar.cc/150?img=3', 2, 1, '2025-06-03 09:30:00', '2025-06-03 09:30:00'),
(4, 'ai_fan', '$2b$12$RyiVktYuj6H2KPavRGEIRu0ZBnp2WV0LuEULQirM8F.EsC7utkJfC', 'AI旅游家', '13800001004', 'aifan@qq.com', 'https://i.pravatar.cc/150?img=4', 1, 0, '2025-06-04 14:20:00', '2025-06-04 14:20:00'),
(5, 'foodie_wang', '$2b$12$OVwno7u1Oqn849gO925Nhehi5RQWt224TsDKuNp5rPkTSMKQVcCF.', '美食猎人王', '13800001005', 'foodie@qq.com', 'https://i.pravatar.cc/150?img=5', 1, 1, '2025-06-05 16:45:00', '2025-06-05 16:45:00'),
(6, 'linda_zhou', '$2b$12$OLsmLS1OldMfuG2gn5OkhOXzBmGgNlMAo8G8o6XyFdvhW1nWRGO7O', '琳达看世界', '13800001006', 'linda@qq.com', 'https://i.pravatar.cc/150?img=6', 2, 1, '2025-06-06 08:15:00', '2025-06-06 08:15:00'),
(7, 'dad_li', '$2b$12$9N31RRI7a8eHVt8seFU0L.x3G1AolXbPPqh7oXNAx1bWs26QCWlPS', '带娃旅行李', '13800001007', 'dali@qq.com', 'https://i.pravatar.cc/150?img=7', 1, 1, '2025-06-07 12:30:00', '2025-06-07 12:30:00'),
(8, 'photo_chen', '$2b$12$DxGEG1ZCZEbymQfbNghybe5DJZlIVC.9cDg25vfZXJXMdjp.JU2Bm', '镜头里的陈', '13800001008', 'chen@qq.com', 'https://i.pravatar.cc/150?img=8', 1, 1, '2025-06-08 19:00:00', '2025-06-08 19:00:00'),
(9, 'vivian_xu', '$2b$12$LKMmkjS46UFq9viyZ4mfheXOmhGX2tbpO9/5zsRVvlgJzrUdipd22', '徐薇薇安', '13800001009', 'vivian@qq.com', 'https://i.pravatar.cc/150?img=9', 2, 1, '2025-06-09 07:20:00', '2025-06-09 07:20:00'),
(10, 'budget_king', '$2b$12$3/8qqWfR/VltJCII7FY7FOVVqQT8gSNnyOGwT844/L.AL6wI5hJrC', '穷游王', '13800001010', 'budget@qq.com', 'https://i.pravatar.cc/150?img=10', 1, 1, '2025-06-10 13:50:00', '2025-06-10 13:50:00'),
(11, 'sea_lover', '$2b$12$S1AKGgi.W5UkhMlJve2D4.aC0sVWO/zTFJxx5KMXN.MHm95iL0Xz6', '大海控', '13800001011', 'sea@qq.com', 'https://i.pravatar.cc/150?img=11', 2, 1, '2025-06-11 15:40:00', '2025-06-11 15:40:00'),
(12, 'hist_fan', '$2b$12$WjKkdBa2EIhw.w0ERNumueAbkOsGqWGMgsmSkj53au.moGxey407O', '历史迷小赵', '13800001012', 'hist@qq.com', 'https://i.pravatar.cc/150?img=12', 1, 0, '2025-06-12 10:10:00', '2025-06-12 10:10:00'),
(13, 'night_owl', '$2b$12$f6IY2q8IFaBkigqWBZknDutzBxr5JnsnBBFGor2p8pHEfXkxAfgeK', '夜游神', '13800001013', 'night@qq.com', 'https://i.pravatar.cc/150?img=13', 2, 1, '2025-06-13 22:30:00', '2025-06-13 22:30:00'),
(14, 'couple_lin', '$2b$12$5WnYn4QApvXeoXcUJA6Ynu0HHGI8Hia3Dgu32AR5G1.AWErMvaw6q', '林氏夫妇游', '13800001014', 'lin@qq.com', 'https://i.pravatar.cc/150?img=14', 1, 1, '2025-06-14 09:00:00', '2025-06-14 09:00:00'),
(15, 'solo_zhang', '$2b$12$V5pp1N6NiFhM6mMJarcvouaiMrR7RRAcoAdSir2wHjDKnImU2Owd.', '独行张', '13800001015', 'solo@qq.com', 'https://i.pravatar.cc/150?img=15', 1, 1, '2025-06-15 17:25:00', '2025-06-15 17:25:00'),
(16, 'may_huang', '$2b$12$3KhHijDSPPSPZpScffIuz.iGDhptSrT8r/J3ibQbIP6V8wxgP2H9O', '五月黄', '13800001016', 'may@qq.com', 'https://i.pravatar.cc/150?img=16', 2, 1, '2025-06-16 11:55:00', '2025-06-16 11:55:00'),
(17, 'winter_liu', '$2b$12$77wGLE5uq/Y3Jjsi9WEmY.lzCUdV0lSWL.fZ.OTGQye.qmlcFnL.S', '冬日刘', '13800001017', 'winter@qq.com', 'https://i.pravatar.cc/150?img=17', 1, 1, '2025-06-17 06:35:00', '2025-06-17 06:35:00'),
(18, 'tea_yang', '$2b$12$tzGsHyATN5cLsjaigmUtX.yHmkgJhacZn2WE8OurBSDFFjfGMiVB6', '品茶杨', '13800001018', 'tea@qq.com', 'https://i.pravatar.cc/150?img=18', 2, 0, '2025-06-18 14:05:00', '2025-06-18 14:05:00'),
(19, 'rush_li', '$2b$12$mMfIHrgks7QBwrS2i2vZ7.9zn4.8FHUL1YOZN.ammPEN5snVJjQki', '李不急', '13800001019', 'rush@qq.com', 'https://i.pravatar.cc/150?img=19', 1, 1, '2025-06-19 08:45:00', '2025-06-19 08:45:00'),
(20, 'dream_chen', '$2b$12$q5ayJCaBJnHDOiskmcyiI.JlZfPg5TAR.TxqfwvHo9YotVlm8gJsW', '追梦陈', '13800001020', 'dream@qq.com', 'https://i.pravatar.cc/150?img=20', 2, 1, '2025-06-20 12:15:00', '2025-06-20 12:15:00');

INSERT INTO `attraction` (`id`, `name`, `city`, `address`, `ticket_price`, `rating`, `description`, `open_time`, `tags`, `cover_image`, `status`, `created_at`, `updated_at`) VALUES
(1, '上海迪士尼度假区', '上海', '浦东新区川沙镇黄赵路310号', 399.00, 4.8, '中国大陆首个迪士尼主题公园，拥有七大主题园区，适合亲子与情侣出行。', '08:30-21:30', '亲子游,拍照打卡,城市地标', 'https://picsum.photos/800/400?random=1', 1, '2025-06-01 10:00:00', '2025-06-01 10:00:00'),
(2, '外滩', '上海', '黄浦区中山东一路', 0.00, 4.6, '黄浦江畔的万国建筑博览群，上海夜景最佳观赏地。', '全天', '夜景,拍照打卡,城市地标', 'https://picsum.photos/800/400?random=2', 1, '2025-06-01 10:00:00', '2025-06-01 10:00:00'),
(3, '东方明珠塔', '上海', '浦东新区世纪大道1号', 199.00, 4.5, '上海标志性建筑，适合俯瞰浦江两岸城市风貌。', '08:00-22:00', '城市地标,夜景,拍照打卡', 'https://picsum.photos/800/400?random=3', 1, '2025-06-01 10:00:00', '2025-06-01 10:00:00'),
(4, '南京路步行街', '上海', '黄浦区南京东路', 0.00, 4.4, '中华第一商业街，购物与美食体验集中地。', '全天', '美食,购物,城市地标', 'https://picsum.photos/800/400?random=4', 1, '2025-06-01 10:00:00', '2025-06-01 10:00:00'),
(5, '豫园城隍庙', '上海', '黄浦区豫园老街', 40.00, 4.3, '明代江南古典园林，感受老上海风情与传统小吃。', '09:00-17:00', '历史文化,拍照打卡,美食', 'https://picsum.photos/800/400?random=5', 1, '2025-06-01 10:00:00', '2025-06-01 10:00:00'),
(6, '上海博物馆', '上海', '黄浦区人民大道201号', 0.00, 4.6, '中国古代艺术博物馆，馆藏文物丰富，历史文化氛围浓厚。', '09:00-17:00（周一闭馆）', '历史文化', 'https://picsum.photos/800/400?random=6', 1, '2025-06-01 10:00:00', '2025-06-01 10:00:00'),
(7, '武康路', '上海', '徐汇区武康路', 0.00, 4.3, '百年历史文化名街，老洋房与网红店云集。', '全天', '拍照打卡,历史文化', 'https://picsum.photos/800/400?random=7', 1, '2025-06-01 10:00:00', '2025-06-01 10:00:00'),
(8, '上海海昌海洋公园', '上海', '浦东新区银飞路166号', 299.00, 4.5, '大型海洋主题公园，拥有海洋动物表演与亲子项目。', '09:30-20:00', '亲子游,拍照打卡', 'https://picsum.photos/800/400?random=8', 1, '2025-06-01 10:00:00', '2025-06-01 10:00:00'),
(9, '故宫博物院', '北京', '东城区景山前街4号', 60.00, 4.9, '世界最大宫殿建筑群，明清两代皇家宫殿。', '08:30-17:00（周一闭馆）', '历史文化,城市地标,拍照打卡', 'https://picsum.photos/800/400?random=9', 1, '2025-06-01 10:00:00', '2025-06-01 10:00:00'),
(10, '长城（八达岭）', '北京', '延庆区八达岭镇', 45.00, 4.8, '世界文化遗产，万里长城精华段。', '06:30-19:00', '历史文化,自然风光', 'https://picsum.photos/800/400?random=10', 1, '2025-06-01 10:00:00', '2025-06-01 10:00:00'),
(11, '天安门广场', '北京', '东城区东长安街', 0.00, 4.7, '世界最大城市广场，升旗仪式与历史氛围兼具。', '全天', '城市地标,历史文化', 'https://picsum.photos/800/400?random=11', 1, '2025-06-01 10:00:00', '2025-06-01 10:00:00'),
(12, '颐和园', '北京', '海淀区新建宫门路19号', 30.00, 4.7, '中国现存规模最大的皇家园林。', '06:30-18:00', '历史文化,自然风光,拍照打卡', 'https://picsum.photos/800/400?random=12', 1, '2025-06-01 10:00:00', '2025-06-01 10:00:00'),
(13, '天坛公园', '北京', '东城区天坛内东里甲1号', 28.00, 4.6, '明清皇帝祭天场所，建筑艺术瑰宝。', '06:00-22:00', '历史文化,城市地标', 'https://picsum.photos/800/400?random=13', 1, '2025-06-01 10:00:00', '2025-06-01 10:00:00'),
(14, '北京环球度假区', '北京', '通州区京哈高速与东六环交汇处', 418.00, 4.7, '环球影城主题公园，哈利波特等IP体验丰富。', '09:00-20:00', '亲子游,拍照打卡', 'https://picsum.photos/800/400?random=14', 1, '2025-06-01 10:00:00', '2025-06-01 10:00:00'),
(15, '南锣鼓巷', '北京', '东城区南锣鼓巷', 0.00, 4.3, '北京最古老胡同街区之一，文艺小店聚集。', '全天', '美食,拍照打卡,历史文化', 'https://picsum.photos/800/400?random=15', 1, '2025-06-01 10:00:00', '2025-06-01 10:00:00'),
(16, '西湖', '杭州', '西湖区西湖风景名胜区', 0.00, 4.9, '世界文化遗产，人间天堂，十大美景闻名天下。', '全天', '自然风光,拍照打卡,城市地标', 'https://picsum.photos/800/400?random=16', 1, '2025-06-01 10:00:00', '2025-06-01 10:00:00'),
(17, '灵隐寺', '杭州', '西湖区灵隐路法云弄1号', 75.00, 4.6, '千年古刹，济公出家之地。', '07:00-18:00', '历史文化,自然风光', 'https://picsum.photos/800/400?random=17', 1, '2025-06-01 10:00:00', '2025-06-01 10:00:00'),
(18, '宋城', '杭州', '西湖区之江路148号', 320.00, 4.5, '大型宋代文化主题公园，宋城千古情演出知名。', '09:00-21:00', '历史文化,拍照打卡,亲子游', 'https://picsum.photos/800/400?random=18', 1, '2025-06-01 10:00:00', '2025-06-01 10:00:00'),
(19, '雷峰塔', '杭州', '西湖区南山路15号', 40.00, 4.4, '白蛇传传说地标，登塔俯瞰西湖全景。', '08:00-20:00', '历史文化,夜景,拍照打卡', 'https://picsum.photos/800/400?random=19', 1, '2025-06-01 10:00:00', '2025-06-01 10:00:00'),
(20, '西溪湿地', '杭州', '西湖区天目山路518号', 80.00, 4.5, '城市湿地公园，坐船穿行芦苇荡。', '08:00-17:30', '自然风光,拍照打卡', 'https://picsum.photos/800/400?random=20', 1, '2025-06-01 10:00:00', '2025-06-01 10:00:00'),
(21, '龙井村', '杭州', '西湖区龙井村', 0.00, 4.3, '西湖龙井茶原产地，品茶观景两相宜。', '全天', '自然风光,美食', 'https://picsum.photos/800/400?random=21', 1, '2025-06-01 10:00:00', '2025-06-01 10:00:00'),
(22, '大熊猫繁育研究基地', '成都', '成华区熊猫大道1375号', 55.00, 4.8, '全球最大熊猫繁育基地，近距离看国宝。', '07:30-18:00', '亲子游,拍照打卡,城市地标', 'https://picsum.photos/800/400?random=22', 1, '2025-06-01 10:00:00', '2025-06-01 10:00:00'),
(23, '宽窄巷子', '成都', '青羊区宽窄巷子', 0.00, 4.6, '成都慢生活代表，老成都文化与美食汇集地。', '全天', '美食,拍照打卡,历史文化', 'https://picsum.photos/800/400?random=23', 1, '2025-06-01 10:00:00', '2025-06-01 10:00:00'),
(24, '锦里古街', '成都', '武侯区武侯祠大街231号', 0.00, 4.5, '三国文化与川西民俗融合的仿古商业街。', '全天', '美食,拍照打卡,历史文化', 'https://picsum.photos/800/400?random=24', 1, '2025-06-01 10:00:00', '2025-06-01 10:00:00'),
(25, '青城山', '成都', '都江堰市青城山镇', 90.00, 4.6, '道教发源地之一，青城天下幽。', '08:00-17:00', '自然风光,历史文化', 'https://picsum.photos/800/400?random=25', 1, '2025-06-01 10:00:00', '2025-06-01 10:00:00'),
(26, '都江堰', '成都', '都江堰市公园路', 80.00, 4.7, '世界文化遗产，千年水利工程奇迹。', '08:00-18:00', '历史文化,自然风光', 'https://picsum.photos/800/400?random=26', 1, '2025-06-01 10:00:00', '2025-06-01 10:00:00'),
(27, '人民公园鹤鸣茶社', '成都', '青羊区少城路12号', 0.00, 4.3, '百年老茶馆，体验成都最地道的慢生活。', '07:00-20:00', '美食,历史文化', 'https://picsum.photos/800/400?random=27', 1, '2025-06-01 10:00:00', '2025-06-01 10:00:00'),
(28, '亚龙湾', '三亚', '吉阳区亚龙湾旅游度假区', 0.00, 4.8, '天下第一湾，沙滩洁白细腻，海水清澈。', '全天', '自然风光,海滨度假,拍照打卡', 'https://picsum.photos/800/400?random=28', 1, '2025-06-01 10:00:00', '2025-06-01 10:00:00'),
(29, '天涯海角', '三亚', '天涯区天涯镇', 68.00, 4.3, '三亚地标，天涯石与海角石见证爱情。', '08:00-19:00', '拍照打卡,自然风光', 'https://picsum.photos/800/400?random=29', 1, '2025-06-01 10:00:00', '2025-06-01 10:00:00'),
(30, '蜈支洲岛', '三亚', '海棠区蜈支洲岛', 144.00, 4.6, '中国最美海岛之一，潜水圣地。', '08:00-17:30', '自然风光,海滨度假,拍照打卡', 'https://picsum.photos/800/400?random=30', 1, '2025-06-01 10:00:00', '2025-06-01 10:00:00'),
(31, '南山文化旅游区', '三亚', '崖州区南山村', 108.00, 4.6, '108米海上观音，世界最大观音像。', '08:00-17:30', '历史文化,自然风光', 'https://picsum.photos/800/400?random=31', 1, '2025-06-01 10:00:00', '2025-06-01 10:00:00'),
(32, '三亚湾椰梦长廊', '三亚', '天涯区三亚湾路', 0.00, 4.4, '22公里滨海大道，日落绝美。', '全天', '自然风光,拍照打卡,海滨度假', 'https://picsum.photos/800/400?random=32', 1, '2025-06-01 10:00:00', '2025-06-01 10:00:00'),
(33, '后海村', '三亚', '海棠区后海村', 0.00, 4.3, '冲浪爱好者聚集地，海边渔村风情。', '全天', '海滨度假,拍照打卡', 'https://picsum.photos/800/400?random=33', 1, '2025-06-01 10:00:00', '2025-06-01 10:00:00'),
(34, '兵马俑博物馆', '西安', '临潼区秦陵北路', 120.00, 4.9, '世界第八大奇迹，秦始皇地下军阵。', '08:30-18:00', '历史文化,城市地标', 'https://picsum.photos/800/400?random=34', 1, '2025-06-01 10:00:00', '2025-06-01 10:00:00'),
(35, '大雁塔', '西安', '雁塔区大慈恩寺内', 50.00, 4.6, '唐代高僧玄奘译经之地，西安城市象征。', '08:00-18:00', '历史文化,夜景,拍照打卡', 'https://picsum.photos/800/400?random=35', 1, '2025-06-01 10:00:00', '2025-06-01 10:00:00'),
(36, '西安城墙', '西安', '西安城墙景区', 54.00, 4.7, '中国现存最完整古城墙，骑行一圈14公里。', '08:00-22:00', '历史文化,拍照打卡,城市地标', 'https://picsum.photos/800/400?random=36', 1, '2025-06-01 10:00:00', '2025-06-01 10:00:00'),
(37, '回民街', '西安', '莲湖区北院门', 0.00, 4.5, '西安美食第一街，牛羊肉泡馍、肉夹馍。', '全天', '美食,拍照打卡,历史文化', 'https://picsum.photos/800/400?random=37', 1, '2025-06-01 10:00:00', '2025-06-01 10:00:00'),
(38, '大唐不夜城', '西安', '雁塔区大雁塔南广场', 0.00, 4.6, '以盛唐文化为主题的步行街，夜景华丽。', '全天', '夜景,拍照打卡,历史文化', 'https://picsum.photos/800/400?random=38', 1, '2025-06-01 10:00:00', '2025-06-01 10:00:00'),
(39, '华清宫', '西安', '临潼区华清路38号', 108.00, 4.4, '唐代皇家温泉行宫，杨贵妃沐浴之地。', '08:00-18:00', '历史文化,自然风光', 'https://picsum.photos/800/400?random=39', 1, '2025-06-01 10:00:00', '2025-06-01 10:00:00'),
(40, '鼓浪屿', '厦门', '思明区鼓浪屿', 0.00, 4.8, '世界文化遗产，海上花园，万国建筑博览。', '全天', '拍照打卡,历史文化,自然风光', 'https://picsum.photos/800/400?random=40', 1, '2025-06-01 10:00:00', '2025-06-01 10:00:00'),
(41, '厦门大学', '厦门', '思明区思明南路422号', 0.00, 4.6, '中国最美校园之一，芙蓉隧道文艺气息浓厚。', '12:00-14:00限流', '拍照打卡,历史文化', 'https://picsum.photos/800/400?random=41', 1, '2025-06-01 10:00:00', '2025-06-01 10:00:00'),
(42, '环岛路', '厦门', '思明区环岛南路', 0.00, 4.5, '沿海风景大道，骑行看海绝佳路线。', '全天', '自然风光,拍照打卡,海滨度假', 'https://picsum.photos/800/400?random=42', 1, '2025-06-01 10:00:00', '2025-06-01 10:00:00'),
(43, '南普陀寺', '厦门', '思明区思明南路515号', 0.00, 4.5, '闽南佛教圣地，背靠五老峰。', '08:00-17:00', '历史文化,自然风光', 'https://picsum.photos/800/400?random=43', 1, '2025-06-01 10:00:00', '2025-06-01 10:00:00'),
(44, '曾厝垵', '厦门', '思明区曾厝垵社', 0.00, 4.3, '文艺渔村，特色民宿与小吃云集。', '全天', '美食,拍照打卡', 'https://picsum.photos/800/400?random=44', 1, '2025-06-01 10:00:00', '2025-06-01 10:00:00'),
(45, '沙坡尾', '厦门', '思明区沙坡尾', 0.00, 4.3, '老厦门避风港，艺术社区与咖啡店聚集。', '全天', '拍照打卡,美食', 'https://picsum.photos/800/400?random=45', 1, '2025-06-01 10:00:00', '2025-06-01 10:00:00'),
(46, '广州塔', '广州', '海珠区阅江西路222号', 150.00, 4.6, '中国第一高塔，小蛮腰俯瞰羊城全景。', '09:00-22:00', '城市地标,夜景,拍照打卡', 'https://picsum.photos/800/400?random=46', 1, '2025-06-01 10:00:00', '2025-06-01 10:00:00'),
(47, '长隆野生动物世界', '广州', '番禺区汉溪大道东', 300.00, 4.7, '亚洲最大野生动物园，空中缆车看动物。', '09:30-18:00', '亲子游,拍照打卡', 'https://picsum.photos/800/400?random=47', 1, '2025-06-01 10:00:00', '2025-06-01 10:00:00'),
(48, '珠江夜游', '广州', '越秀区大沙头码头', 98.00, 4.5, '乘船夜游珠江，欣赏两岸灯光秀。', '18:30-22:00', '夜景,城市地标', 'https://picsum.photos/800/400?random=48', 1, '2025-06-01 10:00:00', '2025-06-01 10:00:00'),
(49, '沙面岛', '广州', '荔湾区沙面大街', 0.00, 4.5, '欧陆风情建筑群，摄影爱好者天堂。', '全天', '拍照打卡,历史文化', 'https://picsum.photos/800/400?random=49', 1, '2025-06-01 10:00:00', '2025-06-01 10:00:00'),
(50, '陈家祠', '广州', '荔湾区中山七路', 10.00, 4.4, '岭南建筑艺术明珠，民间工艺博物馆。', '09:00-17:30', '历史文化,拍照打卡', 'https://picsum.photos/800/400?random=50', 1, '2025-06-01 10:00:00', '2025-06-01 10:00:00'),
(51, '北京路步行街', '广州', '越秀区北京路', 0.00, 4.3, '千年古道遗址，广州最繁华商业街。', '全天', '美食,购物', 'https://picsum.photos/800/400?random=51', 1, '2025-06-01 10:00:00', '2025-06-01 10:00:00');

INSERT INTO `hotel` (`id`, `name`, `city`, `address`, `price_per_night`, `rating`, `star_level`, `description`, `tags`, `cover_image`, `status`, `created_at`, `updated_at`) VALUES
(1, '上海浦东香格里拉', '上海', '浦东新区陆家嘴富城路33号', 950.00, 4.8, 5, '陆家嘴核心区，江景房可远眺外滩。', '海景,市中心,商务', 'https://picsum.photos/800/400?random=101', 1, '2025-06-01 10:00:00', '2025-06-01 10:00:00'),
(2, '上海外滩华尔道夫', '上海', '黄浦区中山东一路2号', 1450.00, 4.9, 5, '百年历史建筑，外滩万国建筑群内。', '地标附近,海景,商务', 'https://picsum.photos/800/400?random=102', 1, '2025-06-01 10:00:00', '2025-06-01 10:00:00'),
(3, '全季酒店(南京路店)', '上海', '黄浦区南京东路', 360.00, 4.5, 3, '步行5分钟到南京路步行街，性价比高。', '市中心,高性价比', 'https://picsum.photos/800/400?random=103', 1, '2025-06-01 10:00:00', '2025-06-01 10:00:00'),
(4, '上海国际饭店', '上海', '黄浦区南京西路170号', 400.00, 4.4, 4, '老上海地标建筑，历史悠久。', '市中心,地标附近', 'https://picsum.photos/800/400?random=104', 1, '2025-06-01 10:00:00', '2025-06-01 10:00:00'),
(5, '锦江之星(上海外滩店)', '上海', '黄浦区四川中路', 220.00, 4.2, 2, '靠近外滩，干净实惠。', '高性价比', 'https://picsum.photos/800/400?random=105', 1, '2025-06-01 10:00:00', '2025-06-01 10:00:00'),
(6, '上海鲁能JW万豪侯爵', '上海', '浦东新区浦明路', 1150.00, 4.7, 5, '黄浦江畔，现代设计感十足。', '海景,商务', 'https://picsum.photos/800/400?random=106', 1, '2025-06-01 10:00:00', '2025-06-01 10:00:00'),
(7, '汉庭酒店(上海陆家嘴店)', '上海', '浦东新区陆家嘴', 250.00, 4.3, 3, '交通便利，距离东方明珠约1.5公里。', '高性价比,地标附近', 'https://picsum.photos/800/400?random=107', 1, '2025-06-01 10:00:00', '2025-06-01 10:00:00'),
(8, '北京王府半岛酒店', '北京', '东城区王府井金鱼胡同8号', 1280.00, 4.8, 5, '王府井核心区，奢华中式风格。', '市中心,商务,地标附近', 'https://picsum.photos/800/400?random=108', 1, '2025-06-01 10:00:00', '2025-06-01 10:00:00'),
(9, '北京故宫酒店', '北京', '东城区东华门大街', 480.00, 4.5, 4, '步行可达故宫和天安门。', '地标附近,市中心', 'https://picsum.photos/800/400?random=109', 1, '2025-06-01 10:00:00', '2025-06-01 10:00:00'),
(10, '如家商旅(北京前门店)', '北京', '东城区前门大街', 280.00, 4.3, 3, '前门步行街内，老北京风情。', '高性价比,地标附近', 'https://picsum.photos/800/400?random=110', 1, '2025-06-01 10:00:00', '2025-06-01 10:00:00'),
(11, '北京国贸大酒店', '北京', '朝阳区建国门外大街1号', 1200.00, 4.7, 5, 'CBD核心区，云端观景。', '商务,市中心', 'https://picsum.photos/800/400?random=111', 1, '2025-06-01 10:00:00', '2025-06-01 10:00:00'),
(12, '北京四合院客栈(南锣鼓巷)', '北京', '东城区南锣鼓巷', 380.00, 4.4, 3, '老北京四合院改造，体验胡同文化。', '亲子,历史文化', 'https://picsum.photos/800/400?random=112', 1, '2025-06-01 10:00:00', '2025-06-01 10:00:00'),
(13, '杭州西子湖四季酒店', '杭州', '西湖区灵隐路5号', 1600.00, 4.9, 5, '西湖边，江南庭院风格。', '海景,度假,亲子', 'https://picsum.photos/800/400?random=113', 1, '2025-06-01 10:00:00', '2025-06-01 10:00:00'),
(14, '杭州香格里拉饭店', '杭州', '西湖区北山路78号', 800.00, 4.6, 5, '北山路上，面朝西湖背靠宝石山。', '市中心,海景,度假', 'https://picsum.photos/800/400?random=114', 1, '2025-06-01 10:00:00', '2025-06-01 10:00:00'),
(15, '布丁酒店(杭州西湖店)', '杭州', '西湖区南山路', 190.00, 4.2, 2, '步行到西湖仅5分钟，简约时尚。', '高性价比', 'https://picsum.photos/800/400?random=115', 1, '2025-06-01 10:00:00', '2025-06-01 10:00:00'),
(16, '杭州花家山庄', '杭州', '西湖区杨公堤', 480.00, 4.5, 4, '西子湖畔，园林式酒店。', '度假,自然风光', 'https://picsum.photos/800/400?random=116', 1, '2025-06-01 10:00:00', '2025-06-01 10:00:00'),
(17, '成都钓鱼台精品酒店', '成都', '青羊区宽窄巷子', 950.00, 4.7, 5, '宽窄巷子内，川西庭院风格。', '地标附近,度假', 'https://picsum.photos/800/400?random=117', 1, '2025-06-01 10:00:00', '2025-06-01 10:00:00'),
(18, '成都瑞吉酒店', '成都', '锦江区太升南路', 880.00, 4.7, 5, '天府广场附近，管家服务。', '商务,市中心', 'https://picsum.photos/800/400?random=118', 1, '2025-06-01 10:00:00', '2025-06-01 10:00:00'),
(19, '汉庭酒店(成都春熙路店)', '成都', '锦江区春熙路', 220.00, 4.3, 3, '春熙路商圈，吃喝玩乐方便。', '高性价比,市中心', 'https://picsum.photos/800/400?random=119', 1, '2025-06-01 10:00:00', '2025-06-01 10:00:00'),
(20, '成都青旅(宽窄巷子)', '成都', '青羊区宽窄巷子', 60.00, 4.2, 1, '青年旅舍，结交旅行伙伴。', '高性价比', 'https://picsum.photos/800/400?random=120', 1, '2025-06-01 10:00:00', '2025-06-01 10:00:00'),
(21, '三亚海棠湾仁恒皇冠假日', '三亚', '海棠区海棠北路', 1200.00, 4.8, 5, '海棠湾一线海景，亲子设施完善。', '海景,亲子,度假', 'https://picsum.photos/800/400?random=121', 1, '2025-06-01 10:00:00', '2025-06-01 10:00:00'),
(22, '三亚亚龙湾瑞吉', '三亚', '吉阳区亚龙湾', 1450.00, 4.8, 5, '亚龙湾核心地带，私密性好。', '海景,度假,商务', 'https://picsum.photos/800/400?random=122', 1, '2025-06-01 10:00:00', '2025-06-01 10:00:00'),
(23, '三亚海景民宿(大东海)', '三亚', '吉阳区大东海', 240.00, 4.4, 2, '大东海附近，温馨海景房。', '海景,高性价比', 'https://picsum.photos/800/400?random=123', 1, '2025-06-01 10:00:00', '2025-06-01 10:00:00'),
(24, '7天连锁酒店(三亚湾店)', '三亚', '天涯区三亚湾路', 160.00, 4.2, 1, '三亚湾路边，步行到海边5分钟。', '高性价比', 'https://picsum.photos/800/400?random=124', 1, '2025-06-01 10:00:00', '2025-06-01 10:00:00'),
(25, '西安索菲特传奇酒店', '西安', '新城区东新街', 720.00, 4.7, 5, '西安人民大厦内，法式古典风格。', '地标附近,商务', 'https://picsum.photos/800/400?random=125', 1, '2025-06-01 10:00:00', '2025-06-01 10:00:00'),
(26, '西安钟楼饭店', '西安', '碑林区南大街', 360.00, 4.5, 4, '钟楼旁，老牌酒店。', '市中心,地标附近', 'https://picsum.photos/800/400?random=126', 1, '2025-06-01 10:00:00', '2025-06-01 10:00:00'),
(27, '西安青年旅舍(回民街)', '西安', '莲湖区回民街', 80.00, 4.2, 1, '回民街内，美食触手可及。', '高性价比,美食', 'https://picsum.photos/800/400?random=127', 1, '2025-06-01 10:00:00', '2025-06-01 10:00:00'),
(28, '临潼悦椿温泉酒店', '西安', '临潼区凤凰大道', 640.00, 4.6, 5, '兵马俑附近，温泉度假。', '度假,亲子', 'https://picsum.photos/800/400?random=128', 1, '2025-06-01 10:00:00', '2025-06-01 10:00:00'),
(29, '厦门华尔道夫酒店', '厦门', '思明区莲花北路', 1150.00, 4.8, 5, '鹭岛核心区，远眺鼓浪屿。', '海景,商务', 'https://picsum.photos/800/400?random=129', 1, '2025-06-01 10:00:00', '2025-06-01 10:00:00'),
(30, '厦门鼓浪屿喜林阁酒店', '厦门', '思明区鼓浪屿', 400.00, 4.5, 4, '鼓浪屿百年老别墅，文艺范十足。', '地标附近,拍照打卡', 'https://picsum.photos/800/400?random=130', 1, '2025-06-01 10:00:00', '2025-06-01 10:00:00'),
(31, '厦门海景民宿(曾厝垵)', '厦门', '思明区曾厝垵', 280.00, 4.4, 2, '曾厝垵海边，面朝大海。', '海景,高性价比', 'https://picsum.photos/800/400?random=131', 1, '2025-06-01 10:00:00', '2025-06-01 10:00:00'),
(32, '如家快捷酒店(厦大店)', '厦门', '思明区思明南路', 220.00, 4.3, 1, '厦门大学附近，交通便利。', '高性价比', 'https://picsum.photos/800/400?random=132', 1, '2025-06-01 10:00:00', '2025-06-01 10:00:00'),
(33, '广州四季酒店', '广州', '天河区珠江新城', 1280.00, 4.8, 5, '广州塔旁，云端客房。', '地标附近,商务,海景', 'https://picsum.photos/800/400?random=133', 1, '2025-06-01 10:00:00', '2025-06-01 10:00:00'),
(34, '广州长隆酒店', '广州', '番禺区汉溪大道', 640.00, 4.6, 4, '长隆园区内，亲子主题。', '亲子,度假', 'https://picsum.photos/800/400?random=134', 1, '2025-06-01 10:00:00', '2025-06-01 10:00:00'),
(35, '广州沙面宾馆', '广州', '荔湾区沙面北街', 280.00, 4.4, 3, '沙面岛内，欧式风情。', '地标附近,拍照打卡', 'https://picsum.photos/800/400?random=135', 1, '2025-06-01 10:00:00', '2025-06-01 10:00:00'),
(36, '广州青旅(北京路)', '广州', '越秀区北京路', 95.00, 4.2, 1, '北京路步行街内，吃喝玩乐方便。', '高性价比', 'https://picsum.photos/800/400?random=136', 1, '2025-06-01 10:00:00', '2025-06-01 10:00:00');

INSERT INTO `route` (`id`, `user_id`, `name`, `destination`, `days`, `budget`, `preference`, `ai_summary`, `status`, `created_at`, `updated_at`) VALUES
(1, 1, '上海3日经典城市观光', '上海', 3, 2500.00, '城市观光', 'AI建议：第一天安排外滩、南京路与豫园，快速建立上海城市印象；第二天前往东方明珠、上海博物馆和武康路，兼顾现代都市与历史街区；第三天加入海昌海洋公园或自由活动，整体节奏适合首次到访游客。', 1, '2025-07-01 10:00:00', '2025-07-01 10:00:00'),
(2, 2, '北京4日深度历史文化游', '北京', 4, 3200.00, '历史文化', 'AI建议：建议采用“中轴线+皇家园林+长城”的经典组合，前两日聚焦天安门、故宫与南锣鼓巷，后两日安排长城、颐和园和天坛，兼顾历史厚度与出行强度。', 1, '2025-07-02 11:30:00', '2025-07-02 11:30:00'),
(3, 3, '杭州2日慢生活自然风光', '杭州', 2, 1500.00, '自然风光', 'AI建议：将西湖环线与灵隐寺、龙井村组合，上午游览、下午休闲、傍晚赏景的节奏最适合杭州；整体路线偏慢游，适合希望放松身心的游客。', 1, '2025-07-03 09:15:00', '2025-07-03 09:15:00'),
(4, 5, '成都4日美食休闲之旅', '成都', 4, 2800.00, '美食', 'AI建议：优先安排宽窄巷子、锦里、大熊猫基地和人民公园，穿插火锅、串串和茶馆体验；建议晚间活动占比更高，符合成都慢节奏生活方式。', 1, '2025-07-04 14:00:00', '2025-07-04 14:00:00'),
(5, 6, '三亚3日海滨度假', '三亚', 3, 3500.00, '海滨度假', 'AI建议：以亚龙湾、蜈支洲岛和椰梦长廊为核心，适合海滨度假与拍照打卡；建议把潜水、海岛出海与日落观景分开安排，提升体验完整度。', 1, '2025-07-05 16:30:00', '2025-07-05 16:30:00'),
(6, 7, '西安3日历史文化亲子游', '西安', 3, 2600.00, '亲子游', 'AI建议：将兵马俑、城墙骑行、大雁塔和大唐不夜城串联，形成“白天学历史、晚上看灯光”的亲子路线，体验感和教育性兼顾。', 1, '2025-07-06 08:45:00', '2025-07-06 08:45:00'),
(7, 8, '厦门3日摄影打卡之旅', '厦门', 3, 2200.00, '摄影游', 'AI建议：鼓浪屿、厦门大学、沙坡尾和环岛路适合作为摄影主线，建议早晨拍海景、午后拍街景、傍晚拍日落，出片率较高。', 1, '2025-07-07 13:20:00', '2025-07-07 13:20:00'),
(8, 9, '广州2日美食探店游', '广州', 2, 1200.00, '美食', 'AI建议：以早茶、北京路、沙面和珠江夜游为核心，路线短但节奏紧凑；建议将美食安排在白天、夜景安排在晚上，体验更完整。', 1, '2025-07-08 10:40:00', '2025-07-08 10:40:00'),
(9, 10, '上海杭州4日江南慢旅行', '上海-杭州', 4, 3000.00, '慢旅行', 'AI建议：双城路线建议采用“上海现代都市+杭州江南水乡”的组合，前半程留给上海城市体验，后半段转入杭州慢节奏游览，舒适度更高。', 1, '2025-07-09 07:50:00', '2025-07-09 07:50:00'),
(10, 11, '北京5日皇家园林之旅', '北京', 5, 4000.00, '历史文化', 'AI建议：适合深度历史爱好者，建议将故宫、长城、颐和园、天坛、南锣鼓巷等点位分层安排，避免单日过度拥挤并提升整体叙事感。', 1, '2025-07-10 12:10:00', '2025-07-10 12:10:00'),
(11, 13, '上海3日夜景打卡之旅', '上海', 3, 2000.00, '夜景', 'AI建议：推荐采用“白天城市漫游、夜晚集中拍摄”的方式，外滩、东方明珠和武康路是高优先级拍摄点，能明显提升行程记忆点。', 1, '2025-07-11 18:30:00', '2025-07-11 18:30:00'),
(12, 14, '成都3日亲子熊猫之旅', '成都', 3, 2400.00, '亲子游', 'AI建议：大熊猫基地作为首日主线，后续搭配锦里、宽窄巷子和人民公园，节奏轻松且适合家庭出行，建议中午安排休息时段。', 1, '2025-07-12 09:00:00', '2025-07-12 09:00:00'),
(13, 15, '西安2日速游古城', '西安', 2, 1300.00, '城市观光', 'AI建议：如果时间有限，建议优先覆盖兵马俑、城墙与回民街三个核心点位，形成“文化+美食”双线体验，适合短途高效率旅行。', 1, '2025-07-13 11:00:00', '2025-07-13 11:00:00'),
(14, 16, '三亚5日深度海岛度假', '三亚', 5, 5500.00, '海滨度假', 'AI建议：建议按“海滩休闲、出海潜水、冲浪、日落、自由活动”五段式设计，既避免行程过满，也能最大化体验海岛度假氛围。', 1, '2025-07-14 14:30:00', '2025-07-14 14:30:00'),
(15, 17, '广州3日亲子长隆之旅', '广州', 3, 2800.00, '亲子游', 'AI建议：长隆野生动物世界作为核心，搭配沙面与北京路美食打卡，适合家庭用户；建议将动物园安排在体力最好的第一天。', 1, '2025-07-15 10:20:00', '2025-07-15 10:20:00'),
(16, 19, '成都西安5日双城美食历史游', '成都-西安', 5, 3800.00, '美食', 'AI建议：双城路线建议以“成都美食开场、西安历史收尾”为叙事线，前半程主打川味探店，后半程切换到古都文化，风格反差明显。', 1, '2025-07-16 16:00:00', '2025-07-16 16:00:00'),
(17, 1, '厦门4日文艺清新之旅', '厦门', 4, 2600.00, '摄影游', 'AI建议：鼓浪屿、沙坡尾、厦门大学和环岛路具有很强的文艺感，建议将拍摄与慢游结合，行程整体轻松、氛围感较强。', 1, '2025-07-17 08:30:00', '2025-07-17 08:30:00'),
(18, 2, '杭州3日亲子自然之旅', '杭州', 3, 2000.00, '亲子游', 'AI建议：西湖游船、宋城和西溪湿地可以形成“自然+演艺+亲子”组合，建议增加午间休息点，提升家庭出行舒适度。', 1, '2025-07-18 13:40:00', '2025-07-18 13:40:00'),
(19, 4, '三亚北京6日南北穿越之旅', '三亚-北京', 6, 5000.00, '城市观光', 'AI建议：该路线适合体验地域反差，建议前半段在三亚安排海滨度假，后半段在北京安排历史文化参观，形成鲜明对比。', 0, '2025-07-19 15:10:00', '2025-07-19 15:10:00'),
(20, 20, '上海3日时尚购物美食游', '上海', 3, 3000.00, '美食', 'AI建议：南京路购物、外滩夜景和武康路下午茶是高匹配度组合，适合偏都市感和消费体验的用户，整体风格精致。', 1, '2025-07-20 11:50:00', '2025-07-20 11:50:00');

INSERT INTO `route_day` (`id`, `route_id`, `day_no`, `title`, `schedule_detail`, `attraction_ids`, `hotel_id`) VALUES
(1, 1, 1, '外滩与南京路', '上午到达上海后入住酒店，下午逛南京路步行街与豫园城隍庙，晚上外滩看夜景。', '2,4,5', 3),
(2, 1, 2, '陆家嘴现代都市', '上午登东方明珠塔，下午参观上海博物馆，晚上可在外滩或陆家嘴自由活动。', '3,6', 1),
(3, 1, 3, '文艺武康路', '上午武康路漫步，下午前往上海海昌海洋公园或返程。', '7,8', 8),
(4, 2, 1, '天安门与故宫', '上午观看天安门广场，下午游览故宫博物院和景山周边。', '11,9', 9),
(5, 2, 2, '长城雄风', '全天游览八达岭长城，晚间返回市区可安排南锣鼓巷夜游。', '10,15', 8),
(6, 2, 3, '皇家园林', '上午游览颐和园，下午参观天坛公园，感受皇家园林与祭天文化。', '12,13', 8),
(7, 2, 4, '环球影城', '全天北京环球度假区，体验主题乐园项目，适合亲子与年轻游客。', '14', 8),
(8, 3, 1, '西湖环游', '上午抵达杭州后入住酒店，下午环湖漫步，傍晚前往雷峰塔看日落。', '16,19', 15),
(9, 3, 2, '龙井问茶', '上午龙井村品茶，下午西溪湿地坐船，行程节奏偏慢游。', '20,21', 15),
(10, 4, 1, '宽窄巷子与锦里', '上午入住酒店，下午逛宽窄巷子，晚上锦里品尝川味小吃。', '23,24', 19),
(11, 4, 2, '熊猫基地与人民公园', '上午看熊猫，下午在人民公园喝茶体验成都慢生活。', '22,27', 19),
(12, 4, 3, '川菜美食探索', '全天安排火锅、串串和特色小吃探店，可灵活搭配市区步行路线。', '23,24,27', 19),
(13, 4, 4, '青城山轻松返程', '上午前往青城山周边，下午返程，适合作为收尾缓冲。', '25,26', 19),
(14, 5, 1, '亚龙湾海滨休闲', '入住海边酒店，下午沙滩放松，安排轻松的海滨适应日。', '28,32', 21),
(15, 5, 2, '蜈支洲岛出海', '全天出海游玩，体验潜水、海岛风光和海上活动。', '30', 21),
(16, 5, 3, '椰梦长廊日落', '上午自由活动，下午椰梦长廊看日落，晚上回酒店休息。', '32,33', 21),
(17, 6, 1, '兵马俑历史文化游', '全天参观兵马俑和华清宫，适合历史文化深度游。', '34,39', 25),
(18, 6, 2, '城墙骑行与回民街', '上午骑行西安城墙，下午回民街品尝美食，节奏紧凑。', '36,37', 26),
(19, 6, 3, '大雁塔与不夜城', '上午游览大雁塔，晚上大唐不夜城夜景打卡。', '35,38', 25),
(20, 7, 1, '鼓浪屿文艺游', '游览鼓浪屿和海边咖啡店，适合拍照与慢游。', '40,44,45', 30),
(21, 7, 2, '厦门海边骑行', '安排环岛路骑行与城市散步，适合清晨和傍晚拍摄。', '42,44', 31),
(22, 7, 3, '厦大与沙坡尾', '厦门大学、南普陀与沙坡尾打卡，文艺氛围浓厚。', '41,43,45', 31),
(23, 8, 1, '广州塔与珠江夜游', '白天广州塔观景，晚上珠江夜游，感受羊城夜色。', '46,48', 33),
(24, 8, 2, '老城区美食打卡', '体验广州早茶和北京路步行街，适合短途美食游。', '50,51,49', 35),
(25, 9, 1, '上海外滩经典路线', '外滩、南京路、东方明珠一日城市观光。', '2,3,4', 1),
(26, 9, 2, '杭州西湖慢游', '西湖、灵隐寺、雷峰塔城市慢旅行。', '16,17,19', 13),
(27, 9, 3, '西湖茶文化与湿地', '龙井村品茶、西溪湿地游船。', '20,21', 13),
(28, 9, 4, '杭州返程', '上午自由活动，下午返程。', '16', 13),
(29, 10, 1, '故宫与天安门', '上午游览天安门广场，下午参观故宫博物院。', '11,9', 8),
(30, 10, 2, '长城与南锣鼓巷', '全天长城，晚上南锣鼓巷夜游。', '10,15', 8),
(31, 10, 3, '皇家园林', '颐和园与天坛公园。', '12,13', 8),
(32, 10, 4, '环球影城', '全天北京环球度假区。', '14', 11),
(33, 10, 5, '北京返程', '上午自由活动后返程。', '11', 11),
(34, 11, 1, '上海夜景打卡', '外滩与东方明珠夜景。', '2,3', 1),
(35, 11, 2, '武康路与博物馆', '武康路漫步与上海博物馆。', '6,7', 8),
(36, 11, 3, '城市购物与返程', '南京路购物与返程。', '4,5', 8),
(37, 12, 1, '熊猫基地与锦里', '上午看熊猫，下午逛锦里古街。', '22,24', 19),
(38, 12, 2, '宽窄巷子与人民公园', '宽窄巷子与人民公园喝茶。', '23,27', 19),
(39, 12, 3, '川菜美食日', '全天吃火锅和川菜，结合市区漫步。', '23,24,27', 19),
(40, 13, 1, '兵马俑速游', '参观兵马俑和华清宫。', '34,39', 25),
(41, 13, 2, '回民街美食', '城墙骑行后去回民街。', '36,37', 26),
(42, 14, 1, '亚龙湾度假', '亚龙湾沙滩休闲。', '28,32', 21),
(43, 14, 2, '蜈支洲岛潜水', '全天海岛潜水。', '30', 21),
(44, 14, 3, '后海冲浪', '后海村体验冲浪。', '33', 21),
(45, 14, 4, '椰梦长廊与返程', '看日落后返程。', '32', 21),
(46, 14, 5, '三亚自由活动', '自由活动与购物。', '29,31', 21),
(47, 15, 1, '长隆动物世界', '上午长隆野生动物世界，晚上珠江夜游。', '47,48', 33),
(48, 15, 2, '沙面岛与北京路', '沙面岛拍照与北京路美食。', '49,51', 35),
(49, 15, 3, '亲子返程', '家庭休闲后返程。', '46,50', 35),
(50, 16, 1, '成都到西安出发', '成都出发前往西安，晚间回民街美食。', '23,37', 19),
(51, 16, 2, '西安历史文化', '兵马俑和华清宫。', '34,39', 25),
(52, 16, 3, '西安古城夜景', '大雁塔与不夜城。', '35,38', 25),
(53, 16, 4, '成都美食回味', '返程前整理美食攻略。', '24,27', 19),
(54, 16, 5, '双城总结日', '自由活动与返程。', '23,24', 19),
(55, 17, 1, '鼓浪屿文艺首日', '鼓浪屿、咖啡店、海边步道。', '40,44,45', 30),
(56, 17, 2, '厦大与南普陀', '校园与寺庙文化体验。', '41,43', 31),
(57, 17, 3, '沙坡尾与环岛路', '艺术区与海边骑行。', '42,45', 31),
(58, 17, 4, '厦门返程', '自由活动后返程。', '40,42', 31),
(59, 18, 1, '西湖亲子游', '西湖游船与湖边散步。', '16,19', 13),
(60, 18, 2, '宋城与湿地', '宋城演出与西溪湿地。', '18,20', 13),
(61, 18, 3, '龙井茶文化', '龙井村品茶并返程。', '17,21', 13),
(62, 19, 1, '南北穿越出发', '三亚出发抵达北京。', '28,11', 21),
(63, 19, 2, '故宫与长城', '故宫与长城。', '9,10', 8),
(64, 19, 3, '颐和园与天坛', '皇家园林线路。', '12,13', 8),
(65, 19, 4, '北京环球影城', '主题乐园体验。', '14', 11),
(66, 19, 5, '北京城市收尾', '南锣鼓巷与购物。', '15,11', 8),
(67, 19, 6, '返程', '整理行李返程。', '11', 8),
(68, 20, 1, '南京路与外滩', '购物与夜景。', '2,4', 1),
(69, 20, 2, '武康路与博物馆', '文艺打卡与文化参观。', '6,7', 8),
(70, 20, 3, '下午茶与返程', '下午茶后返程。', '7,5', 8);

INSERT INTO `favorite` (`id`, `user_id`, `target_id`, `target_type`, `target_name`, `created_at`) VALUES
(1, 1, 1, 'attraction', '上海迪士尼度假区', '2025-07-10 10:00:00'),
(2, 1, 2, 'attraction', '外滩', '2025-07-10 10:05:00'),
(3, 1, 3, 'hotel', '上海浦东香格里拉', '2025-07-10 10:10:00'),
(4, 1, 1, 'route', '上海3日经典城市观光', '2025-07-10 10:15:00'),
(5, 2, 9, 'attraction', '故宫博物院', '2025-07-11 09:30:00'),
(6, 2, 10, 'attraction', '长城（八达岭）', '2025-07-11 09:35:00'),
(7, 2, 8, 'hotel', '北京王府半岛酒店', '2025-07-11 09:40:00'),
(8, 2, 2, 'route', '北京4日深度历史文化游', '2025-07-11 09:45:00'),
(9, 3, 16, 'attraction', '西湖', '2025-07-12 14:20:00'),
(10, 3, 17, 'attraction', '灵隐寺', '2025-07-12 14:25:00'),
(11, 3, 13, 'hotel', '杭州西子湖四季酒店', '2025-07-12 14:30:00'),
(12, 3, 3, 'route', '杭州2日慢生活自然风光', '2025-07-12 14:35:00'),
(13, 5, 22, 'attraction', '大熊猫繁育研究基地', '2025-07-13 08:15:00'),
(14, 5, 23, 'attraction', '宽窄巷子', '2025-07-13 08:20:00'),
(15, 5, 19, 'hotel', '成都瑞吉酒店', '2025-07-13 08:25:00'),
(16, 5, 4, 'route', '成都4日美食休闲之旅', '2025-07-13 08:30:00'),
(17, 6, 28, 'attraction', '亚龙湾', '2025-07-14 16:40:00'),
(18, 6, 30, 'attraction', '蜈支洲岛', '2025-07-14 16:45:00'),
(19, 6, 21, 'hotel', '三亚海棠湾仁恒皇冠假日', '2025-07-14 16:50:00'),
(20, 6, 5, 'route', '三亚3日海滨度假', '2025-07-14 16:55:00');

SET FOREIGN_KEY_CHECKS = 1;